{"Year":[2000,2001,2002,2003,2004,2005,2006,2007,2008,2009,2010,2011,2012,2013,2014,2015,2016,2017],"Value":[-7.0247933884,-6.2222222222,-2.3696682464,7.2815533981,10.8597285068,20.4081632653,18.6440677966,18.2857142857,23.9130434783,7.992202729,4.5126353791,10.8808290155,9.0342679128,1.4285714286,2.5352112676,1.0989010989,-0.1358695652,5.306122449]}